Name,Rating,Reviews,Phone,Website,Address,Lat,Lng
Pimlico Plumbers,4.0,6022,+44 20 8108 0808,https://www.pimlicoplumbers.com/,"Pimlico House, 1 Sail St, London SE11 6NQ, United Kingdom",51.4946311,-0.115964
Piccadilly plumbers - London,5.0,32,+44 20 3051 0655,http://www.piccadillyplumbers.com/,"Fitzroy St, London, W1T 6EB, United Kingdom",51.524008599999995,-0.1406233
City Plumbers London,5.0,97,+44 20 3916 6168,https://cityplumberslondon.co.uk/,"City Plumbers, 27 Old Gloucester St, London WC1N 3AX, United Kingdom",51.5213336,-0.15196679999999999
"Aza & Sons Services Domestic & Commercial Plumber, Gas Engineer & Ac Engineer In London Ltd",5.0,397,+44 7955 014805,https://www.azasons.com/,N/A,51.5286416,-0.1015987
East London Plumbers,4.9,163,+44 7735 743440,https://eastlondonplumber.com/,"28 Wellington Way, Bow, London, E3 4XA, United Kingdom",51.524822699999994,-0.024871599999999997
Mayfair Plumbers,4.9,336,+44 20 3633 1526,https://www.mayfairplumbers.london/,"13, Mersey House, Liverpool Rd, London N7 8QE, United Kingdom",51.549316499999996,-0.11039149999999999
Plumbing 4 London,4.8,62,+44 7403 057874,https://plumbing-london.co.uk/,"17, Frederica Court, 35 Trinity Rise, Norwood, London SW2 2BF, United Kingdom",51.445643499999996,-0.1078478
London Plumbers,4.7,184,+44 7796 345453,http://londonplumbers.com/,"43 Sunnyside Rd, London, W5 5HT, United Kingdom",51.5076623,-0.3078846
Expert Plumbers,5.0,217,+44 20 8166 9723,https://expert-plumbers.co.uk/,N/A,51.4893323,-0.08815519999999999
London Emergency Plumbing,4.7,334,+44 20 8064 1046,https://londonemergencyplumbing.co.uk/,"144 Ladbroke Grove, London, W10 5NE, United Kingdom",51.5180222,-0.2101671
Plumb London,4.4,708,+44 20 7871 1861,https://www.plumblondon.com/plumber/notting-hill/,"Notting Hill Gate, London, W11 3JE, United Kingdom",51.5089846,-0.1967879
Inner City Plumbers Ltd,4.9,97,+44 20 7205 4455,http://plumbingheatinglondon.co.uk/,"Flat 2, 1 Queen's Row, London SE17 2QE, United Kingdom",51.485437399999995,-0.09224299999999999
Urgent Plumbers London,5.0,136,+44 7473 334565,https://urgentplumberslondon.co.uk/,"491A Green Lanes, London, N13 4BS, United Kingdom",51.622879999999995,-0.1050257
Plumus Ltd,5.0,289,+44 20 7126 7126,http://www.plumus.com/?utm_campaign=gmb,"167, 169 Great Portland St, London W1W 5PF, United Kingdom",51.5216834,-0.14367939999999998
Rare Plumbing London,4.6,57,+44 20 7458 4949,http://rareplumbing.london/,"85 Great Portland St, London, W1W 7LT, United Kingdom",51.518505,-0.142214
Prime Plumbers London,4.9,73,+44 20 3488 3767,http://www.primeplumberslondon.co.uk/,"352-356 Battersea Park Rd, Battersea Park, London, SW11 3BY, United Kingdom",51.4703303,-0.1711974
DIA plumbing & Heating LTD,4.9,380,+44 20 3633 8814,http://diaplumbingandheating.co.uk/,N/A,51.5286416,-0.1015987
WeFix London,4.9,985,+44 20 7889 1111,https://www.wefix.london/,"15 Newport St, London, SE11 6AJ, United Kingdom",51.492736,-0.1176617
London Plumber,4.6,91,+44 20 8964 6710,https://www.london-plumber.co.uk/,"Studio 28, 2-4 Exmoor St, London W10 6BD, United Kingdom",51.5232263,-0.21714609999999998
The Marylebone Plumbers,5.0,50,+44 20 7101 8151,https://www.themaryleboneplumbers.uk/,"39A Marylebone Ln, London, W1U 2NP, United Kingdom",51.5172828,-0.1509432
East End Plumbers,5.0,462,+44 20 8611 2591,https://eastendplumbers.co.uk/,"8 Bodney Rd, Lower Clapton, London, E8 1AY, United Kingdom",51.5502095,-0.060666899999999996
London Plumber,4.6,91,+44 20 8964 6710,https://www.london-plumber.co.uk/,"Studio 28, 2-4 Exmoor St, London W10 6BD, United Kingdom",51.5232263,-0.21714609999999998
The Marylebone Plumbers,5.0,50,+44 20 7101 8151,https://www.themaryleboneplumbers.uk/,"39A Marylebone Ln, London, W1U 2NP, United Kingdom",51.5172828,-0.1509432
AZ Plumbing Contractors Ltd,4.9,112,+44 7712 507601,https://azplumbingcontractors.co.uk/,"1B Grantbridge St, London, N1 8JL, United Kingdom",51.5344021,-0.10020269999999999
London Plumbing Hobs ltd,4.9,66,+44 7506 605605,http://www.hobsgas.com/,"142 Cromwell Rd, London, SW7 4EF, United Kingdom",51.494802299999996,-0.1876157
Expert plumbers ltd,4.3,155,+44 7943 144166,http://www.plumbereastlondon.com/,"46 Dagmar Ct, London, E14 3JF, United Kingdom",51.496348499999996,-0.0074826
Green Plumbers & Heating Services Ltd,4.8,191,+44 20 8050 5913,https://www.greenphs.co.uk/,"64-66 Lavender Hill, London, SW11 5RQ, United Kingdom",51.4660861,-0.1540455
My Local Plumber London,4.9,69,+44 7950 478383,http://www.mylocalplumberlondon.co.uk/,"216 Kirkdale, London, SE26 4NL, United Kingdom",51.428047899999996,-0.0572327
Precision Plumbers - London Emergency Drainage and Plumbing,5.0,28,+44 808 303 0187,https://precisionplumberslondon.co.uk/,N/A,51.5769411,0.08988349999999999
Emergency Plumber London Ltd,4.9,94,+44 20 3674 8514,https://emergencyplumb.co.uk/,"6a Crescent Rd, London, N22 7RS, United Kingdom",51.5990062,-0.1238701
Plumberoo Ltd,4.9,382,+44 20 7315 4150,https://www.plumberoo.co.uk/,"Unit 3, 99-109 Battersea Business Centre, Lavender Hill, London SW11 5QL, United Kingdom",51.4655267,-0.1551753
IMAA Plumbing & Heating,4.9,392,+44 7428 223052,http://www.imaaplumbing.co.uk/,"Unit 14 Bedford Rd, London, SW4 7HA, United Kingdom",51.4606163,-0.12948089999999998
Elias Plumbers LTD,4.9,74,+44 7771 999036,https://eliasplumbers.co.uk/,"79 Brondesbury Villas, London, NW6 6AG, United Kingdom",51.5359462,-0.19788999999999998
Docklands Plumbing Services - Emergency Plumber London,5.0,107,+44 20 3355 0509,https://www.docklandsplumbingservices.com/?utm_source=Google&utm_medium=Organic&utm_campaign=GBP-Listing-Bethnal-Green,"1, Mary James House, St Peter's Cl, London E2 7AD, United Kingdom",51.5305761,-0.0650307
Emergency plumber south-east London,5.0,278,+44 7476 635835,https://www.emergencyplumber24hr.uk/,"42 Lenthorp Rd, London, SE10 0HT, United Kingdom",51.488104299999996,0.0101291
London Plumber Pro.,4.7,25,+44 20 3670 6747,https://allservices4u.co.uk/plumbers/,"4A Manson Pl, South Kensington, London, SW7 5LT, United Kingdom",51.4925626,-0.1761421
The London Plumbing Company,4.9,46,+44 20 3621 4400,https://thelondonplumbingco.com/,"89 Bickersteth Rd, London, SW17 9SH, United Kingdom",51.4237696,-0.1637586
Emergency Plumber London,5.0,14,+44 20 3475 2302,https://www.emergencyplumber.london/,"Suite 248, Linen Hall, 162 168 Regent St., London W1B 5TB, United Kingdom",51.51195,-0.1393331
24/7 UK Plumbers,4.8,19,+44 7872 877939,https://www.arielsoftwares.com/,N/A,51.5820794,0.2238228
Hackney Plumbers,4.9,28,+44 20 3519 0399,http://www.hackney-plumbers.co.uk/,"19 Chatham Pl, London, E9 6LU, United Kingdom",51.544882199999996,-0.0511869
